﻿<?xml version="1.0" encoding="utf-8"?>
<PuzzleSetup>
  <Puzzle>
    <Number>0</Number>
    <Difficulty />
    <Cells>
      <Cell index="0" value="1" />
      <Cell index="1" value="2" />
      <Cell index="2" value="3" />
      <Cell index="3" value="4" />
      <Cell index="4" value="5" />
      <Cell index="5" value="6" />
      <Cell index="6" value="7" />
      <Cell index="7" value="8" />
      <Cell index="8" value="9" />
      <Cell index="9" value="4" />
      <Cell index="10" value="5" />
      <Cell index="11" value="6" />
      <Cell index="12" value="7" />
      <Cell index="13" value="8" />
      <Cell index="14" value="9" />
      <Cell index="15" value="1" />
      <Cell index="16" value="2" />
      <Cell index="17" value="3" />
      <Cell index="18" value="7" />
      <Cell index="19" value="8" />
      <Cell index="20" value="9" />
      <Cell index="21" value="1" />
      <Cell index="22" value="2" />
      <Cell index="23" value="3" />
      <Cell index="24" value="4" />
      <Cell index="25" value="5" />
      <Cell index="26" value="6" />
      <Cell index="27" value="2" />
      <Cell index="28" value="3" />
      <Cell index="29" value="1" />
      <Cell index="30" value="5" />
      <Cell index="31" value="6" />
      <Cell index="32" value="4" />
      <Cell index="33" value="9" />
      <Cell index="34" value="7" />
      <Cell index="35" value="8" />
      <Cell index="36" value="5" />
      <Cell index="37" value="6" />
      <Cell index="38" value="4" />
      <Cell index="39" value="8" />
      <Cell index="40" value="9" />
      <Cell index="41" value="7" />
      <Cell index="42" value="3" />
      <Cell index="43" value="1" />
      <Cell index="44" value="2" />
      <Cell index="45" value="8" />
      <Cell index="46" value="9" />
      <Cell index="47" value="7" />
      <Cell index="48" value="2" />
      <Cell index="49" value="3" />
      <Cell index="50" value="1" />
      <Cell index="51" value="6" />
      <Cell index="52" value="4" />
      <Cell index="53" value="5" />
      <Cell index="54" value="3" />
      <Cell index="55" value="1" />
      <Cell index="56" value="2" />
      <Cell index="57" value="6" />
      <Cell index="58" value="4" />
      <Cell index="59" value="5" />
      <Cell index="60" value="8" />
      <Cell index="61" value="9" />
      <Cell index="62" value="7" />
      <Cell index="63" value="6" />
      <Cell index="64" value="4" />
      <Cell index="65" value="5" />
      <Cell index="66" value="9" />
      <Cell index="67" value="7" />
      <Cell index="68" value="8" />
      <Cell index="69" value="2" />
      <Cell index="70" value="3" />
      <Cell index="71" value="1" />
      <Cell index="72" value="9" />
      <Cell index="73" value="7" />
      <Cell index="74" value="8" />
      <Cell index="75" value="3" />
      <Cell index="76" value="1" />
      <Cell index="77" value="2" />
      <Cell index="78" value="5" />
      <Cell index="79" value="6" />
      <Cell index="80" value="4" />
    </Cells>
  </Puzzle>
  <Puzzle>
    <Number>1</Number>
    <Difficulty />
    <Cells>
      <Cell index="0" value="5" />
      <Cell index="1" value="4" />
      <Cell index="2" value="1" />
      <Cell index="3" value="9" />
      <Cell index="4" value="2" />
      <Cell index="5" value="7" />
      <Cell index="6" value="6" />
      <Cell index="7" value="3" />
      <Cell index="8" value="8" />
      <Cell index="9" value="2" />
      <Cell index="10" value="6" />
      <Cell index="11" value="3" />
      <Cell index="12" value="1" />
      <Cell index="13" value="5" />
      <Cell index="14" value="8" />
      <Cell index="15" value="7" />
      <Cell index="16" value="9" />
      <Cell index="17" value="4" />
      <Cell index="18" value="8" />
      <Cell index="19" value="7" />
      <Cell index="20" value="9" />
      <Cell index="21" value="3" />
      <Cell index="22" value="4" />
      <Cell index="23" value="6" />
      <Cell index="24" value="2" />
      <Cell index="25" value="1" />
      <Cell index="26" value="5" />
      <Cell index="27" value="3" />
      <Cell index="28" value="5" />
      <Cell index="29" value="4" />
      <Cell index="30" value="7" />
      <Cell index="31" value="1" />
      <Cell index="32" value="9" />
      <Cell index="33" value="8" />
      <Cell index="34" value="2" />
      <Cell index="35" value="6" />
      <Cell index="36" value="6" />
      <Cell index="37" value="1" />
      <Cell index="38" value="7" />
      <Cell index="39" value="2" />
      <Cell index="40" value="8" />
      <Cell index="41" value="5" />
      <Cell index="42" value="4" />
      <Cell index="43" value="3" />
      <Cell index="44" value="9" />
      <Cell index="45" value="8" />
      <Cell index="46" value="2" />
      <Cell index="47" value="6" />
      <Cell index="48" value="3" />
      <Cell index="49" value="4" />
      <Cell index="50" value="1" />
      <Cell index="51" value="5" />
      <Cell index="52" value="7" />
      <Cell index="53" value="1" />
      <Cell index="54" value="2" />
      <Cell index="55" value="8" />
      <Cell index="56" value="4" />
      <Cell index="57" value="6" />
      <Cell index="58" value="3" />
      <Cell index="59" value="5" />
      <Cell index="60" value="7" />
      <Cell index="61" value="9" />
      <Cell index="62" value="4" />
      <Cell index="63" value="9" />
      <Cell index="64" value="5" />
      <Cell index="65" value="8" />
      <Cell index="66" value="7" />
      <Cell index="67" value="1" />
      <Cell index="68" value="3" />
      <Cell index="69" value="6" />
      <Cell index="70" value="2" />
      <Cell index="71" value="7" />
      <Cell index="72" value="3" />
      <Cell index="73" value="6" />
      <Cell index="74" value="5" />
      <Cell index="75" value="9" />
      <Cell index="76" value="2" />
      <Cell index="77" value="4" />
      <Cell index="78" value="8" />
      <Cell index="79" value="1" />
      <Cell index="80" value="4" />
    </Cells>
  </Puzzle>
    <Puzzle>
      <Number>2</Number>
      <Difficulty />
      <Cells>
        <Cell index="0" value="5" />
        <Cell index="1" value="8" />
        <Cell index="2" value="6" />
        <Cell index="3" value="3" />
        <Cell index="4" value="1" />
        <Cell index="5" value="9" />
        <Cell index="6" value="2" />
        <Cell index="7" value="4" />
        <Cell index="8" value="7" />
        <Cell index="9" value="1" />
        <Cell index="10" value="2" />
        <Cell index="11" value="9" />
        <Cell index="12" value="4" />
        <Cell index="13" value="6" />
        <Cell index="14" value="7" />
        <Cell index="15" value="8" />
        <Cell index="16" value="3" />
        <Cell index="17" value="5" />
        <Cell index="18" value="4" />
        <Cell index="19" value="3" />
        <Cell index="20" value="7" />
        <Cell index="21" value="8" />
        <Cell index="22" value="5" />
        <Cell index="23" value="2" />
        <Cell index="24" value="9" />
        <Cell index="25" value="1" />
        <Cell index="26" value="6" />
        <Cell index="27" value="9" />
        <Cell index="28" value="7" />
        <Cell index="29" value="3" />
        <Cell index="30" value="2" />
        <Cell index="31" value="4" />
        <Cell index="32" value="8" />
        <Cell index="33" value="6" />
        <Cell index="34" value="5" />
        <Cell index="35" value="1" />
        <Cell index="36" value="2" />
        <Cell index="37" value="5" />
        <Cell index="38" value="4" />
        <Cell index="39" value="6" />
        <Cell index="40" value="3" />
        <Cell index="41" value="1" />
        <Cell index="42" value="7" />
        <Cell index="43" value="8" />
        <Cell index="44" value="9" />
        <Cell index="45" value="6" />
        <Cell index="46" value="1" />
        <Cell index="47" value="8" />
        <Cell index="48" value="7" />
        <Cell index="49" value="9" />
        <Cell index="50" value="5" />
        <Cell index="51" value="3" />
        <Cell index="52" value="2" />
        <Cell index="53" value="4" />
        <Cell index="54" value="3" />
        <Cell index="55" value="6" />
        <Cell index="56" value="1" />
        <Cell index="57" value="9" />
        <Cell index="58" value="2" />
        <Cell index="59" value="4" />
        <Cell index="60" value="5" />
        <Cell index="61" value="7" />
        <Cell index="62" value="8" />
        <Cell index="63" value="8" />
        <Cell index="64" value="4" />
        <Cell index="65" value="2" />
        <Cell index="66" value="5" />
        <Cell index="67" value="7" />
        <Cell index="68" value="6" />
        <Cell index="69" value="1" />
        <Cell index="70" value="9" />
        <Cell index="71" value="3" />
        <Cell index="72" value="7" />
        <Cell index="73" value="9" />
        <Cell index="74" value="5" />
        <Cell index="75" value="1" />
        <Cell index="76" value="8" />
        <Cell index="77" value="3" />
        <Cell index="78" value="4" />
        <Cell index="79" value="6" />
        <Cell index="80" value="2" />
      </Cells>
    </Puzzle>
  <Puzzle>
    <Number>3</Number>
    <Difficulty />
    <Cells>
      <Cell index="0" value="6" />
      <Cell index="1" value="5" />
      <Cell index="2" value="4" />
      <Cell index="3" value="8" />
      <Cell index="4" value="7" />
      <Cell index="5" value="9" />
      <Cell index="6" value="2" />
      <Cell index="7" value="3" />
      <Cell index="8" value="1" />
      <Cell index="9" value="7" />
      <Cell index="10" value="2" />
      <Cell index="11" value="9" />
      <Cell index="12" value="3" />
      <Cell index="13" value="6" />
      <Cell index="14" value="1" />
      <Cell index="15" value="5" />
      <Cell index="16" value="8" />
      <Cell index="17" value="4" />
      <Cell index="18" value="1" />
      <Cell index="19" value="8" />
      <Cell index="20" value="3" />
      <Cell index="21" value="4" />
      <Cell index="22" value="2" />
      <Cell index="23" value="5" />
      <Cell index="24" value="7" />
      <Cell index="25" value="9" />
      <Cell index="26" value="6" />
      <Cell index="27" value="5" />
      <Cell index="28" value="4" />
      <Cell index="29" value="7" />
      <Cell index="30" value="2" />
      <Cell index="31" value="1" />
      <Cell index="32" value="8" />
      <Cell index="33" value="9" />
      <Cell index="34" value="6" />
      <Cell index="35" value="3" />
      <Cell index="36" value="3" />
      <Cell index="37" value="9" />
      <Cell index="38" value="2" />
      <Cell index="39" value="5" />
      <Cell index="40" value="4" />
      <Cell index="41" value="6" />
      <Cell index="42" value="8" />
      <Cell index="43" value="1" />
      <Cell index="44" value="7" />
      <Cell index="45" value="8" />
      <Cell index="46" value="6" />
      <Cell index="47" value="1" />
      <Cell index="48" value="9" />
      <Cell index="49" value="3" />
      <Cell index="50" value="7" />
      <Cell index="51" value="4" />
      <Cell index="52" value="2" />
      <Cell index="53" value="5" />
      <Cell index="54" value="9" />
      <Cell index="55" value="1" />
      <Cell index="56" value="5" />
      <Cell index="57" value="6" />
      <Cell index="58" value="8" />
      <Cell index="59" value="4" />
      <Cell index="60" value="3" />
      <Cell index="61" value="7" />
      <Cell index="62" value="2" />
      <Cell index="63" value="2" />
      <Cell index="64" value="7" />
      <Cell index="65" value="8" />
      <Cell index="66" value="1" />
      <Cell index="67" value="5" />
      <Cell index="68" value="3" />
      <Cell index="69" value="6" />
      <Cell index="70" value="4" />
      <Cell index="71" value="9" />
      <Cell index="72" value="4" />
      <Cell index="73" value="3" />
      <Cell index="74" value="6" />
      <Cell index="75" value="7" />
      <Cell index="76" value="9" />
      <Cell index="77" value="2" />
      <Cell index="78" value="1" />
      <Cell index="79" value="5" />
      <Cell index="80" value="8" />
    </Cells>
  </Puzzle>
  </PuzzleSetup>